column,kind,missing_count,missing_pct,action
file_size,numeric,0,0.0,none needed
line_count,numeric,0,0.0,none needed
entropy,numeric,0,0.0,none needed
script_entropy,numeric,0,0.0,none needed
tag_count,numeric,0,0.0,none needed
unique_tag_count,numeric,0,0.0,none needed
script_count,numeric,0,0.0,none needed
form_count,numeric,0,0.0,none needed
iframe_count,numeric,0,0.0,none needed
hidden_iframe_count,numeric,0,0.0,none needed
external_links_count,numeric,0,0.0,none needed
mailto_link_count,numeric,0,0.0,none needed
base64_string_count,numeric,0,0.0,none needed
html_comment_count,numeric,0,0.0,none needed
max_tag_nesting_depth,numeric,0,0.0,none needed
eval_in_script_blocks,numeric,0,0.0,none needed
function_count,numeric,0,0.0,none needed
total_script_characters,numeric,0,0.0,none needed
suspicious_word_count,numeric,0,0.0,none needed
keywords_to_words_ratio,numeric,0,0.0,none needed
whitespace_ratio,numeric,0,0.0,none needed
escaped_char_count,numeric,0,0.0,none needed
hex_encoding_rate,numeric,0,0.0,none needed
noscript_count,numeric,0,0.0,none needed
embedded_js_count,numeric,0,0.0,none needed
external_js_count,numeric,0,0.0,none needed
internal_link_count,numeric,0,0.0,none needed
external_link_count,numeric,0,0.0,none needed
img_count,numeric,0,0.0,none needed
html_whitespace_ratio,numeric,0,0.0,none needed
redirect_mechanism_count,numeric,0,0.0,none needed
event_attachment_count,numeric,0,0.0,none needed
object_tag_count,numeric,0,0.0,none needed
url_digit_count,numeric,0,0.0,none needed
url_punct_char_count,numeric,0,0.0,none needed
url_avg_length,numeric,0,0.0,none needed
url_avg_subdomain_count,numeric,0,0.0,none needed
hostname_digit_ratio_avg,numeric,0,0.0,none needed
min_link_length,numeric,0,0.0,none needed
max_link_length,numeric,0,0.0,none needed
