Format,Model,Accuracy,Precision,Recall,F1,ROC-AUC,FPR,TN,FP,FN,TP
PDF,XGBoost,0.9967,0.9975,0.9959,0.9967,1.0,0.0025,2422,6,10,2418
PDF,Random Forest,0.9967,0.9979,0.9955,0.9967,0.9999,0.0021,2423,5,11,2417
PDF,Decision Tree,0.9957,0.9967,0.9946,0.9957,0.9982,0.0033,2420,8,13,2415
Word,XGBoost,1.0,1.0,1.0,1.0,1.0,0.0,2642,0,0,2642
Word,Random Forest,1.0,1.0,1.0,1.0,1.0,0.0,2642,0,0,2642
Word,Decision Tree,0.9991,0.9981,1.0,0.9991,0.9994,0.0019,2637,5,0,2642
Excel,XGBoost,0.9994,0.9987,1.0,0.9994,1.0,0.0013,1587,2,0,1589
Excel,Random Forest,0.9991,0.9981,1.0,0.9991,1.0,0.0019,1586,3,0,1589
Excel,Decision Tree,0.9975,0.9975,0.9975,0.9975,0.9997,0.0025,1585,4,4,1585
HTML,XGBoost,0.9086,0.9106,0.9062,0.9084,0.9682,0.089,2108,206,217,2097
HTML,Random Forest,0.8879,0.884,0.8928,0.8884,0.958,0.1171,2043,271,248,2066
HTML,Decision Tree,0.8364,0.8286,0.8483,0.8384,0.9072,0.1755,1908,406,351,1963
