column,reason
label,target column
__source_file__,source file name (would leak the label if files are split by class)
file_name,identifier-like column name
Unnamed: 15,pandas index column ('Unnamed')
Unnamed: 16,pandas index column ('Unnamed')
Unnamed: 17,pandas index column ('Unnamed')
Unnamed: 18,pandas index column ('Unnamed')
Unnamed: 19,pandas index column ('Unnamed')
Unnamed: 20,pandas index column ('Unnamed')
Unnamed: 21,pandas index column ('Unnamed')
Unnamed: 22,pandas index column ('Unnamed')
Unnamed: 23,pandas index column ('Unnamed')
Unnamed: 24,pandas index column ('Unnamed')
Unnamed: 25,pandas index column ('Unnamed')
Unnamed: 26,pandas index column ('Unnamed')
