column,lower_fence,upper_fence,n_outliers,pct_outliers,min,max
script_entropy,2.6221673035000013,7.491321071999998,1997,12.965,0.0,6.274234088
total_script_characters,-42235.5,57980.0,1408,9.141,0.0,2506028.0
url_digit_count,-1592.0,2181.0,905,5.875,0.0,604256.0
internal_link_count,-176.0,244.0,902,5.856,0.0,6190.0
min_link_length,-26.0,37.0,491,3.188,0.0,77698.0
url_punct_char_count,-3513.0,4894.0,439,2.85,0.0,283826.0
tag_count,-1835.0,2645.0,420,2.727,3.0,43591.0
external_link_count,-247.5,337.0,410,2.662,0.0,5550.0
embedded_js_count,-29.0,41.0,390,2.532,0.0,333.0
form_count,-6.0,8.0,180,1.169,0.0,189.0
entropy,3.9220347125000004,6.468088757999999,86,0.558,0.914438147,7.874702134
html_whitespace_ratio,-0.17589930750000005,0.3981885425000001,44,0.286,9.35e-06,0.830095081
