feature,single_feature_auc,stump_cv_f1_mean,high_auc_flag
ole_object_count,1.0,1.0,True
ole_object_type_count,1.0,1.0,True
vba_keywords_count,1.0,1.0,True
macro_present,0.99987,0.99987,True
entropy,0.99972,0.99912,True
dde_present,0.9995,0.9995,True
struct_ContentType,0.99759,0.99824,True
struct_PartName,0.99552,0.99673,True
file_size,0.99185,0.99424,True
struct_val,0.98677,0.96565,True
struct_pos,0.98349,0.97408,False
struct_typeface,0.69116,0.77653,False
struct_script,0.69106,0.77641,False
path_a-accent3,0.68219,0.53394,False
path_a-hlink,0.68219,0.53394,False
struct_dist,0.68219,0.53394,False
path_a-themeElements,0.68219,0.53394,False
path_/a-effectLst,0.68219,0.53394,False
struct_ang,0.68219,0.53394,False
path_a-alpha,0.68219,0.53394,False
struct_Extension,0.68219,0.53394,False
path_a-dk1,0.68219,0.53394,False
path_a-ln,0.68219,0.53394,False
path_a-lt2,0.68219,0.53394,False
struct_name,0.68219,0.53394,False
struct_w,0.68219,0.53394,False
path_/a-accent6,0.68219,0.53394,False
path_a-sysClr,0.68219,0.53394,False
path_a-lt1,0.68219,0.53394,False
path_/a-accent4,0.68219,0.53394,False
path_a-solidFill,0.68219,0.53394,False
path_/a-outerShdw,0.68219,0.53394,False
path_a-accent4,0.68219,0.53394,False
path_/a-dk1,0.68219,0.53394,False
path_a-accent1,0.68219,0.53394,False
struct_{http://schemas.openxmlformats.org/wordprocessingml/2006/main}csb1,0.56422,0.69827,False
struct_{http://schemas.openxmlformats.org/wordprocessingml/2006/main}themeFill,0.54063,0.68523,False
struct_{http://schemas.openxmlformats.org/wordprocessingml/2006/main}styleId,0.54063,0.68523,False
struct_{http://schemas.openxmlformats.org/wordprocessingml/2006/main}sz,0.5352,0.68505,False
path_w-p,0.50757,0.79972,False
path_w-r,0.50404,0.79884,False
path_/w-r,0.50404,0.79884,False
path_/w-p,0.50164,0.79819,False
