Format,Variant,Model,N_Features,CV_F1_Mean,CV_F1_Std,CV_AUC_Mean,CV_AUC_Std,CV_Accuracy_Mean,CV_Precision_Mean,CV_Recall_Mean,CV_FPR_Mean,Test_F1 (not used for selection),Test_AUC (not used for selection),Test_Accuracy (not used for selection),Test_FPR (not used for selection)
PDF,a_baseline,XGBoost,32,0.9963,0.0027,0.9995,0.0009,0.9963,0.9956,0.997,0.0044,0.9969,1.0,0.9969,0.0016
PDF,a_baseline,Random Forest,32,0.996,0.0021,0.9996,0.0006,0.996,0.9962,0.9959,0.0038,0.9965,0.9999,0.9965,0.0021
PDF,a_baseline,Decision Tree,32,0.9942,0.002,0.9974,0.001,0.9942,0.9924,0.9962,0.0077,0.9957,0.9971,0.9957,0.0033
PDF,c_without_format_proxies,XGBoost,31,0.9968,0.002,0.999,0.0012,0.9968,0.9962,0.9975,0.0038,0.9971,0.9997,0.9971,0.0025
PDF,c_without_format_proxies,Random Forest,31,0.9966,0.0025,0.9994,0.0008,0.9966,0.9967,0.9964,0.0033,0.9963,0.9999,0.9963,0.0021
PDF,c_without_format_proxies,Decision Tree,31,0.9944,0.0016,0.9968,0.0014,0.9944,0.9926,0.9962,0.0074,0.9957,0.9975,0.9957,0.0033
PDF,d_without_macro_and_proxies,XGBoost,31,0.9968,0.002,0.999,0.0012,0.9968,0.9962,0.9975,0.0038,0.9971,0.9997,0.9971,0.0025
PDF,d_without_macro_and_proxies,Random Forest,31,0.9966,0.0025,0.9994,0.0008,0.9966,0.9967,0.9964,0.0033,0.9963,0.9999,0.9963,0.0021
PDF,d_without_macro_and_proxies,Decision Tree,31,0.9944,0.0016,0.9968,0.0014,0.9944,0.9926,0.9962,0.0074,0.9957,0.9975,0.9957,0.0033
