feature,xgb_importance,rf_importance,xgb_mean_abs_shap,combined_score
text_length,0.39273206277337813,0.2666091515119823,0.3649733161387245,0.34143817680802835
object_count,0.3064719805077906,0.24246711181351752,0.18567904429612078,0.24487271220580964
file_size,0.07406262473902013,0.14946187204477318,0.11221467360463441,0.11191305679614257
metadata_size,0.0826421920055641,0.135966702069123,0.09184742046523448,0.10348543817997385
title_chars,0.04129871073287824,0.09365132412208801,0.112960727183539,0.08263692067950175
total_filters,0.04080987812898781,0.0514881826455591,0.05727003585927218,0.04985603221127303
entropy_of_streams,0.01615015639700345,0.027942504199816177,0.04512591901042652,0.029739526535748715
stream_count,0.025485225591478325,0.01793542930598774,0.02273865559760132,0.02205310349835579
endstream_count,0.01597161440487834,0.0144730068201993,0.00492964249911344,0.011791421241397029
valid_pdf_header,0.004375554719020905,4.715466953756068e-06,0.002260565345333347,0.002213611843769336
