feature,mean_abs_shap
url_punct_char_count,0.06965039179325319
tag_count,0.05611077534232538
external_link_count,0.050462418001206696
embedded_js_count,0.04821587092878402
external_links_count,0.043226668911577754
internal_link_count,0.04131020737780215
keywords_to_words_ratio,0.03771064245716386
form_count,0.03609627111860959
script_count,0.030881651207135808
whitespace_ratio,0.029815104638664675
script_entropy,0.02733624846558953
min_link_length,0.022544554312546667
unique_tag_count,0.02185813943879993
