actual,predicted,probability_malicious,feature,feature_value,shap_value
1,0,0.0392,object_count,55.0,-0.14468223557442822
1,0,0.0392,text_length,27120.0,-0.10845553698284609
1,0,0.0392,file_size,56173.0,-0.06546705971041197
1,0,0.0392,metadata_size,295.0,-0.03615794178426714
1,0,0.0392,endstream_count,22.0,-0.03525385018501773
1,0,0.0392,title_chars,13.0,-0.029059468888770784
1,0,0.0392,stream_count,44.0,-0.02264151861025
1,0,0.0392,total_filters,22.0,-0.020342229103034914
1,0,0.0392,entropy_of_streams,6.840961632,0.00160804690159753
1,0,0.0392,valid_pdf_header,1.0,3.3580879009977626e-05
