column,original_dtype,kind,note
file_size,int64,numeric,
title_chars,int64,numeric,
encrypted,int64,numeric,
metadata_size,int64,numeric,
page_count,int64,numeric,
valid_pdf_header,int64,numeric,
image_count,int64,numeric,
text_length,int64,numeric,
object_count,int64,numeric,
font_object_count,int64,numeric,
embedded_file_count,int64,numeric,
average_embedded_file_size,int64,numeric,
stream_count,int64,numeric,
endstream_count,int64,numeric,
average_stream_size,float64,numeric,
entropy_of_streams,float64,numeric,
xref_count,int64,numeric,
xref_entries,int64,numeric,
name_obfuscations,int64,numeric,
total_filters,int64,numeric,
nested_filter_objects,int64,numeric,
objstm_count,int64,numeric,
js_count,int64,numeric,
javascript_count,int64,numeric,
uri_count,int64,numeric,
uses_nonstandard_port,int64,numeric,
action_count,int64,numeric,
aa_count,int64,numeric,
openaction_count,int64,numeric,
launch_count,int64,numeric,
submitform_count,int64,numeric,
acroform_count,int64,numeric,
xfa_count,int64,numeric,
jbig2decode_count,int64,numeric,
colors_count,int64,numeric,
richmedia_count,int64,numeric,
trailer_count,int64,numeric,
startxref_count,int64,numeric,
has_multiple_behavioral_keywords_in_one_object,int64,numeric,
used_ocr,int64,numeric,
