,mean,median,min,max,std,q1,q3
file_size,85496.96534879177,31987.0,24.0,36777668.0,465620.4903441784,14961.0,87455.0
title_chars,18.36709437894874,12.0,0.0,289.0,20.12818654772107,0.0,29.0
encrypted,0.005471243405197682,0.0,0.0,1.0,0.07376763068773905,0.0,0.0
metadata_size,186.08376213117958,194.0,0.0,2560.0,146.28454400273915,0.0,282.0
page_count,4.0252067999739465,1.0,0.0,512.0,10.941615286900289,1.0,4.0
valid_pdf_header,0.752361102064743,1.0,0.0,1.0,0.43165496672120607,1.0,1.0
image_count,1.744479906207256,0.0,0.0,592.0,10.733824781591142,0.0,1.0
text_length,10903.985279749886,1559.0,0.0,3415343.0,42175.06107828634,1.0,9239.0
object_count,325.8971536507523,24.0,0.0,200006.0,5454.304447668467,7.0,114.0
font_object_count,2.526932847000586,0.0,0.0,794.0,7.332430236472143,0.0,4.0
stream_count,41.54627760046896,16.0,0.0,7952.0,128.75866873323716,2.0,44.0
endstream_count,20.77177098938318,8.0,0.0,3976.0,64.37579703769366,1.0,22.0
average_stream_size,3309.3840095257196,1016.621212,0.0,353253.0,10552.727357028438,28.0,2708.878788
entropy_of_streams,4.42823067641588,5.564433731,0.0,7.177038168,2.6377760123566194,2.323830349,6.368294159
name_obfuscations,0.7873379795479711,0.0,0.0,571.0,9.342774328800115,0.0,0.0
total_filters,16.075164462971408,7.0,0.0,3967.0,45.826472818764614,0.0,20.0
nested_filter_objects,0.21409496515339022,0.0,0.0,320.0,2.8850126398051783,0.0,0.0
objstm_count,1.8661499381228424,0.0,0.0,108.0,5.656473888856735,0.0,0.0
js_count,0.2796847521657005,0.0,0.0,404.0,3.883975792521323,0.0,0.0
javascript_count,0.35966912004168566,0.0,0.0,404.0,3.9198582084173044,0.0,0.0
uri_count,1.7435680323063896,0.0,0.0,5682.0,48.752356891318804,0.0,0.0
uses_nonstandard_port,0.005536377255259559,0.0,0.0,1.0,0.07420299464727614,0.0,0.0
action_count,0.07985410017586139,0.0,0.0,180.0,1.6634128605152074,0.0,0.0
aa_count,0.27278056405914153,0.0,0.0,213.0,4.606772738869926,0.0,0.0
openaction_count,0.10219501074708526,0.0,0.0,8.0,0.3200622036966205,0.0,0.0
launch_count,0.010421416009900345,0.0,0.0,77.0,0.6259090613163685,0.0,0.0
acroform_count,0.3624698755943464,0.0,0.0,15.0,0.6748600660887365,0.0,1.0
xfa_count,0.05432163095160555,0.0,0.0,5.0,0.22951448628108148,0.0,0.0
colors_count,0.0655897870123103,0.0,0.0,53.0,0.828702434936406,0.0,0.0
richmedia_count,0.0037777633035888753,0.0,0.0,16.0,0.20157355346113726,0.0,0.0
has_multiple_behavioral_keywords_in_one_object,0.2888686250244252,0.0,0.0,404.0,3.8592507417439084,0.0,0.0
used_ocr,0.21969647625871166,0.0,0.0,1.0,0.4140544664620789,0.0,0.0
