Tree,Target,Node,ID,Feature,Split,Yes,No,Missing,Gain,Cover,Category
0,0,0,0-0,url_punct_char_count,429.0,0-1,0-2,0-2,2006.1786,1467.75,
0,0,1,0-1,internal_link_count,25.0,0-3,0-4,0-4,125.679016,816.25,
0,0,2,0-2,whitespace_ratio,0.13114753,0-5,0-6,0-6,210.70166,651.5,
0,0,3,0-3,form_count,1.0,0-7,0-8,0-8,77.38019,696.0,
0,0,4,0-4,external_link_count,8.0,0-9,0-10,0-10,65.52331,120.25,
0,0,5,0-5,total_script_characters,28789.0,0-11,0-12,0-12,11.381531,24.0,
0,0,6,0-6,min_link_length,11.0,0-13,0-14,0-14,112.200195,627.5,
0,0,7,0-7,whitespace_ratio,0.008707687,0-15,0-16,0-16,112.36638,298.75,
0,0,8,0-8,total_script_characters,2098.0,0-17,0-18,0-18,26.031555,397.25,
0,0,9,0-9,form_count,1.0,0-19,0-20,0-20,38.04276,63.0,
0,0,10,0-10,total_script_characters,379.0,0-21,0-22,0-22,20.50219,57.25,
0,0,11,0-11,Leaf,,,,,0.10425806,21.75,
0,0,12,0-12,internal_link_count,15.0,0-23,0-24,0-24,1.8958788,2.25,
0,0,13,0-13,total_script_characters,3857.0,0-25,0-26,0-26,41.053955,563.75,
0,0,14,0-14,tag_count,243.0,0-27,0-28,0-28,23.429535,63.75,
0,0,15,0-15,external_link_count,2.0,0-29,0-30,0-30,2.4706116,82.25,
0,0,16,0-16,total_script_characters,30283.0,0-31,0-32,0-32,30.196648,216.5,
0,0,17,0-17,external_link_count,25.0,0-33,0-34,0-34,12.909729,235.75,
0,0,18,0-18,url_punct_char_count,17.0,0-35,0-36,0-36,67.33646,161.5,
0,0,19,0-19,internal_link_count,85.0,0-37,0-38,0-38,6.41547,14.25,
0,0,20,0-20,url_punct_char_count,339.0,0-39,0-40,0-40,12.047943,48.75,
0,0,21,0-21,html_whitespace_ratio,0.18312185,0-41,0-42,0-42,6.670448,10.25,
0,0,22,0-22,whitespace_ratio,0.49324325,0-43,0-44,0-44,11.853771,47.0,
0,0,23,0-23,Leaf,,,,,-0.052363634,1.25,
0,0,24,0-24,Leaf,,,,,0.0216,1.0,
0,0,25,0-25,tag_count,213.0,0-45,0-46,0-46,28.714157,129.75,
0,0,26,0-26,external_link_count,4.0,0-47,0-48,0-48,11.277344,434.0,
0,0,27,0-27,form_count,1.0,0-49,0-50,0-50,7.5050964,12.5,
0,0,28,0-28,total_script_characters,1886.0,0-51,0-52,0-52,22.612522,51.25,
0,0,29,0-29,Leaf,,,,,0.109619625,80.0,
0,0,30,0-30,Leaf,,,,,0.0224,2.25,
0,0,31,0-31,Leaf,,,,,0.031135922,204.5,
0,0,32,0-32,Leaf,,,,,-0.061777774,12.0,
0,0,33,0-33,Leaf,,,,,0.10573187,226.0,
0,0,34,0-34,Leaf,,,,,0.0288,9.75,
0,0,35,0-35,Leaf,,,,,-0.05272131,13.75,
0,0,36,0-36,Leaf,,,,,0.08136683,147.75,
0,0,37,0-37,Leaf,,,,,-0.052888885,12.0,
0,0,38,0-38,Leaf,,,,,0.038399998,2.25,
0,0,39,0-39,Leaf,,,,,0.07945263,46.0,
0,0,40,0-40,Leaf,,,,,-0.033882353,2.75,
0,0,41,0-41,Leaf,,,,,0.059333332,7.5,
0,0,42,0-42,Leaf,,,,,-0.033882353,2.75,
0,0,43,0-43,Leaf,,,,,-0.073808216,35.0,
0,0,44,0-44,Leaf,,,,,-0.004,12.0,
0,0,45,0-45,Leaf,,,,,0.039384615,8.25,
0,0,46,0-46,Leaf,,,,,-0.070195116,121.5,
0,0,47,0-47,Leaf,,,,,0.045599997,1.0,
0,0,48,0-48,Leaf,,,,,-0.10341542,433.0,
0,0,49,0-49,Leaf,,,,,-0.0108,3.5,
0,0,50,0-50,Leaf,,,,,0.08514285,9.0,
0,0,51,0-51,Leaf,,,,,0.03445161,14.0,
0,0,52,0-52,Leaf,,,,,-0.05171613,37.25,
