feature,importance
struct_pos,0.9002593149898015
path_w-r,0.09974002829801631
path_a-solidFill,6.567121821460513e-07
struct_typeface,0.0
path_a-accent3,0.0
path_a-hlink,0.0
path_/w-p,0.0
path_/w-r,0.0
struct_script,0.0
struct_{http://schemas.openxmlformats.org/wordprocessingml/2006/main}themeFill,0.0
struct_{http://schemas.openxmlformats.org/wordprocessingml/2006/main}csb1,0.0
path_a-ln,0.0
struct_{http://schemas.openxmlformats.org/wordprocessingml/2006/main}styleId,0.0
path_/a-accent6,0.0
path_/a-accent4,0.0
path_a-lt1,0.0
path_w-p,0.0
path_a-alpha,0.0
struct_ang,0.0
struct_Extension,0.0
struct_w,0.0
path_a-accent1,0.0
path_/a-dk1,0.0
path_a-themeElements,0.0
struct_dist,0.0
path_/a-effectLst,0.0
path_/a-outerShdw,0.0
path_a-lt2,0.0
path_a-dk1,0.0
path_a-sysClr,0.0
struct_name,0.0
path_a-accent4,0.0
struct_{http://schemas.openxmlformats.org/wordprocessingml/2006/main}sz,0.0
